cod,nome,regiao,populacao,pib_milhoes,idhm,gini,capag,capag_rank,turistas,pct_favelas,risco_inundacao,agua_idx,esgoto_idx,esgoto_coletado_idx,esgoto_tratado_idx,perdas_agua,consumo_agua_pc,coleta_seletiva_pct,prevalencia_vulnerab_natural,precipitacao,ictem,diarreia_casos,leptospirose_casos,hepatiteA_casos,toxoplasmose_casos,dengue_casos,zika_casos,chikungunya_casos,coef_veiculacao_hidrica,coef_arboviroses,coef_total,enterococos_media,pct_praias_boas,lat,lon
3555406.0,Ubatuba,Litoral Norte,92981,29152.88,0.751,0.591,A,4.0,1200000.0,17.66382379,25.41,77.87,39.57,36.4,100.0,21.5,339.05,,0.6,1818.0,3.91,11147.0,2.0,35.0,0.0,1342.0,14.0,336.0,12.02826384,1.819726611,13.84799045,150.63,20.0,-23.4336,-45.0838
3550704.0,São Sebastião,Litoral Norte,81595,174696.31,0.772,0.552,C,2.0,1300000.0,30.2788161,5.66,66.35,53.82,46.6,100.0,26.07,310.01,,0.5,1973.0,4.84,7496.0,1.0,9.0,4.0,1457.0,4.0,25.0,9.203995343,1.821190024,11.02518537,23.42,42.9,-23.7606,-45.4087
3520400.0,Ilhabela,Litoral Norte,34934,385605.85,0.756,0.496,A,4.0,1500000.0,19.55974123,0.13,75.67,54.22,42.2,100.0,19.2,320.36,8.57,0.6,2000.0,2.93,5012.0,0.0,21.0,0.0,984.0,0.0,14.0,14.4071678,2.85681571,17.26398351,70.06,0.0,-23.7781,-45.3581
3510500.0,Caraguatatuba,Litoral Norte,134873,36201.7,0.759,0.52,C,2.0,1600000.0,4.152795593,0.0,87.06,78.59,81.4,100.0,15.94,256.69,2.49,0.6,1833.0,7.08,16387.0,1.0,46.0,2.0,1330.0,0.0,196.0,12.18627894,1.131434757,13.3177137,53.49,33.3,-23.6206,-45.4131
3541000.0,Praia Grande,Litoral Sul,349935,25940.64,0.754,0.51,B,3.0,1500000.0,6.09113121,0.0,97.39,85.02,81.3,100.0,31.76,241.91,3.22,0.3,2148.0,3.18,19000.0,7.0,102.0,4.0,1296.0,9.0,23.0,5.46187149,0.3794990498,5.84137054,130.42,0.0,-24.0058,-46.4028
3518701.0,Guarujá,Litoral Sul,287634,32292.29,0.751,0.519,C,2.0,1500000.0,36.85586544,2.15,88.75,73.83,69.5,100.0,31.05,366.44,,0.5,2000.0,4.11,13662.0,7.0,66.0,4.0,3504.0,24.0,266.0,4.776556318,1.319037388,6.095593706,309.9,0.0,-23.9931,-46.2564
3548500.0,Santos,Litoral Sul,418608,55508.46,0.84,0.562,B,3.0,3340000.0,11.05138937,1.9,98.87,97.88,96.6,100.0,7.18,294.89,11.17,0.6,2200.0,3.4,23933.0,8.0,272.0,1.0,6138.0,246.0,1929.0,5.78440928,1.985867446,7.770276727,160.79,0.0,-23.9608,-46.3339
3506359.0,Bertioga,Litoral Sul,64188,31255.51,0.73,0.492,C,2.0,500000.0,25.56396834,2.94,61.2,48.87,66.0,100.0,23.36,592.95,2.61,0.6,2200.0,6.55,5013.0,4.0,7.0,0.0,29.0,0.0,0.0,7.827008164,0.04517978438,7.872187948,48.92,0.0,-23.8536,-46.1394
3513504.0,Cubatão,Litoral Sul,112476,165607.5,0.737,0.472,A,4.0,,32.650521,1.97,91.62,58.87,51.8,100.0,5.33,257.51,,0.5,2200.0,5.89,12552.0,1.0,12.0,5.0,219.0,0.0,49.0,11.17571749,0.2382730538,11.41399054,,,-23.8947,-46.4253
3551009.0,São Vicente,Litoral Sul,329911,16506.51,0.768,0.489,C,2.0,1000000.0,25.96185032,1.86,93.6,91.91,79.4,100.0,35.83,271.97,,0.5,2200.0,3.84,16894.0,0.0,35.0,3.0,1939.0,0.0,25.0,5.132293255,0.595312069,5.727605324,294.77,0.0,-23.9631,-46.3919
3531100.0,Mongaguá,Litoral Sul,61951,21421.71,0.754,0.523,Obrigações Financeiras Negativas,,800000.0,0.0,2.68,95.6,85.9,86.7,100.0,19.53,334.48,,0.6,2100.0,6.0,10195.0,1.0,2.0,0.0,168.0,0.0,3.0,16.46139691,0.2760246001,16.73742151,97.63,0.0,-24.0919,-46.6206
3522109.0,Itanhaém,Litoral Sul,112476,22704.86,0.745,0.514,C,2.0,700000.0,0.4925495217,0.0,92.42,52.5,52.6,100.0,8.42,299.97,1.09,0.7,2100.0,5.33,11596.0,2.0,38.0,2.0,839.0,4.0,5.0,10.34709627,0.753938618,11.10103489,56.72,0.0,-24.1827,-46.7889
3537602.0,Peruíbe,Litoral Sul,68352,28211.36,0.749,0.547,C,2.0,600000.0,0.4052551498,9.45,98.42,73.5,81.2,100.0,34.9,277.2,0.35,0.8,2100.0,6.49,5676.0,1.0,17.0,0.0,465.0,0.0,114.0,8.330407303,0.8470856742,9.177492978,71.82,0.0,-24.3197,-46.9992
3520301.0,Iguape,Litoral Sul,29115,51053.14,0.726,0.561,C,2.0,400000.0,0.0,2.58,65.63,53.6,61.8,100.0,12.09,206.78,,0.8,2200.0,5.94,59.0,0.0,2.0,0.0,,0.0,1.0,0.2095139962,1.160913618,1.37386227,,,-24.7081,-47.5553
3520426.0,Ilha Comprida,Litoral Sul,13419,118036.8,0.725,0.481,C,2.0,350000.0,0.0,,81.86,42.89,44.5,100.0,28.27,316.54,,0.4,2200.0,4.69,2259.0,0.0,1.0,0.0,43.0,0.0,0.0,16.84179149,0.3204411655,17.16223266,30.0,100.0,-24.85,-47.65
3509908.0,Cananéia,Litoral Sul,12289,21082.0,0.72,0.501,C,2.0,400000.0,0.0,1.65,83.12,73.65,83.3,100.0,22.28,251.71,0.54,0.3,2200.0,8.25,1324.0,0.0,0.0,1.0,50.0,0.0,0.0,10.78200016,0.4068679307,11.18886809,,100.0,-25.0153,-47.9264
